celltype by markers,B intermediate,B memory,B naive,CD14 Mono,CD16 Mono,CD4 Naive,CD4 Proliferating,CD4 TCM,CD4 TEM,CD8 Naive,CD8 Proliferating,CD8 TCM,CD8 TEM,cDC1,cDC2,dnT,gdT,HSPC,ILC,MAIT,NK,NK Proliferating,NK_CD56bright,pDC,Plasmablast,Platelet,Treg
CD14 Mono,0,0,0,2220,11,0,2,2,0,0,0,0,1,0,3,0,0,1,0,0,0,1,0,0,1,0,1
CD16 Mono,0,0,0,6,156,0,0,0,0,0,0,0,0,0,0,0,0,0,0,0,0,0,0,0,0,0,0
CD4 Naive,0,0,0,0,0,541,0,542,0,16,0,0,0,0,0,0,7,1,8,0,0,0,0,0,0,0,19
CD4 TCM,0,0,0,0,0,4,0,474,0,0,0,0,0,0,0,1,1,0,0,0,0,0,0,0,0,0,6
CD4 TEFF,0,0,0,0,0,0,0,17,0,0,0,0,12,0,0,2,1,0,0,0,0,0,0,0,0,0,0
CD4 TEM,0,0,0,0,0,0,1,583,0,0,0,1,0,0,0,0,0,0,3,0,0,0,0,0,0,0,4
CD8 Naive,0,0,0,0,0,1,0,6,0,201,0,5,0,0,0,0,0,0,0,0,0,0,0,0,0,0,0
CD8 TEFF,0,0,0,0,0,0,0,0,0,0,0,0,55,0,0,0,7,0,0,0,0,0,0,0,0,0,0
CD8 TEM,0,0,0,0,0,0,0,69,42,4,0,55,94,0,0,7,3,1,0,0,0,0,0,0,0,0,0
HSPC,0,0,0,0,0,0,0,0,0,0,0,0,0,0,0,0,0,22,0,0,0,0,0,0,0,0,0
MAIT,0,0,0,0,0,0,0,1,15,0,0,0,0,0,0,0,3,0,0,122,0,0,0,0,0,0,0
mDC,0,0,0,3,0,0,0,0,0,0,0,0,0,12,85,0,0,0,0,0,0,0,0,0,0,0,0
Memory B,94,137,7,0,0,0,0,0,0,0,0,0,0,0,1,0,0,0,0,0,0,0,0,0,6,0,0
MGK,0,0,0,17,0,1,0,6,0,0,0,0,0,0,0,0,0,0,0,0,0,0,0,0,0,18,1
Naive B,12,0,479,2,1,0,0,0,0,0,0,0,0,0,0,0,0,0,0,0,0,0,0,0,0,0,0
NK,0,0,1,0,1,0,0,0,0,0,0,0,1,0,0,0,1,0,0,0,341,5,0,1,0,0,0
NK Proliferating,0,0,0,1,0,0,3,0,0,0,1,0,0,0,1,0,0,0,0,0,0,14,0,0,0,0,0
NKT,0,0,0,0,0,0,0,0,0,0,0,0,1,0,0,0,43,0,0,1,0,0,0,0,0,0,0
pDC,0,0,0,0,0,0,0,0,0,0,0,0,0,0,0,0,0,0,0,0,0,0,0,14,0,0,0
Treg,0,0,0,0,0,0,0,51,0,0,0,0,0,0,0,0,0,0,0,0,0,0,0,0,0,0,57
XCL1 NK,0,0,0,0,0,0,0,0,0,0,0,0,0,0,0,0,1,0,0,63,1,11,0,0,0,0,0