"","cluster_id","p_val","avg_log2FC","pct.1","pct.2","p_val_adj","cluster","gene","description"
"1","CD4 Naive",0,1.11375594972528,0.918,0.334,0,"CD4 Naive","TCF7","transcription factor 7 [Source:HGNC Symbol;Acc:HGNC:11639]"
"2","CD4 Naive",0,0.936535166504796,0.69,0.169,0,"CD4 Naive","CCR7","C-C motif chemokine receptor 7 [Source:HGNC Symbol;Acc:HGNC:1608]"
"3","CD4 Naive",0,0.907808997569494,1,1,0,"CD4 Naive","RPS27","ribosomal protein S27 [Source:HGNC Symbol;Acc:HGNC:10416]"
"4","CD4 Naive",0,0.887944172426955,1,1,0,"CD4 Naive","RPS12","ribosomal protein S12 [Source:HGNC Symbol;Acc:HGNC:10385]"
"5","CD4 Naive",4.06932534931163e-304,0.879105774230886,1,1,6.81571302756205e-300,"CD4 Naive","RPS29","ribosomal protein S29 [Source:HGNC Symbol;Acc:HGNC:10419]"
"6","CD4 Naive",2.3662566582807e-269,1.01789803879701,0.994,0.707,3.96324327695434e-265,"CD4 Naive","LDHB","lactate dehydrogenase B [Source:HGNC Symbol;Acc:HGNC:6541]"
"7","CD4 Naive",1.25449580252958e-250,0.923119923684238,0.888,0.329,2.10115501965679e-246,"CD4 Naive","CD3G","CD3g molecule [Source:HGNC Symbol;Acc:HGNC:1675]"
"8","CD4 Naive",7.80695308791952e-233,0.927581319765294,0.941,0.396,1.30758657269564e-228,"CD4 Naive","CD3E","CD3e molecule [Source:HGNC Symbol;Acc:HGNC:1674]"
"9","CD4 Naive",6.84007204902613e-232,0.881737466506132,0.949,0.363,1.14564366749139e-227,"CD4 Naive","CD3D","CD3d molecule [Source:HGNC Symbol;Acc:HGNC:1673]"
"10","CD4 Naive",2.49190224305554e-217,0.945534755748996,0.878,0.449,4.17368706689373e-213,"CD4 Naive","NOSIP","nitric oxide synthase interacting protein [Source:HGNC Symbol;Acc:HGNC:17946]"
"11","CD4 TCM",5.75268396156341e-193,1.08192800369778,0.642,0.14,9.63517036722255e-189,"CD4 TCM","PASK","PAS domain containing serine/threonine kinase [Source:HGNC Symbol;Acc:HGNC:17270]"
"12","CD4 TCM",3.50623887820826e-152,1.32135180041234,0.951,0.392,5.87259949711101e-148,"CD4 TCM","IL7R","interleukin 7 receptor [Source:HGNC Symbol;Acc:HGNC:6024]"
"13","CD4 TCM",2.89380993949235e-133,1.03221000680759,0.998,0.736,4.84684226765574e-129,"CD4 TCM","LDHB","lactate dehydrogenase B [Source:HGNC Symbol;Acc:HGNC:6541]"
"14","CD4 TCM",7.48208227792003e-131,0.998498116984528,0.984,0.42,1.25317396072883e-126,"CD4 TCM","CD3D","CD3d molecule [Source:HGNC Symbol;Acc:HGNC:1673]"
"15","CD4 TCM",2.67014988278742e-130,1.06593228360525,0.988,0.443,4.47223403868066e-126,"CD4 TCM","TRAC","T cell receptor alpha constant [Source:HGNC Symbol;Acc:HGNC:12029]"
"16","CD4 TCM",4.98109503397324e-126,0.932656121371425,0.918,0.393,8.34283607240177e-122,"CD4 TCM","TCF7","transcription factor 7 [Source:HGNC Symbol;Acc:HGNC:11639]"
"17","CD4 TCM",4.89265668807954e-123,1.133480535032,0.998,0.611,8.19471068686442e-119,"CD4 TCM","LTB","lymphotoxin beta [Source:HGNC Symbol;Acc:HGNC:6711]"
"18","CD4 TCM",1.01103347344178e-85,0.913887198168463,0.613,0.205,1.69337996466763e-81,"CD4 TCM","KLRB1","killer cell lectin like receptor B1 [Source:HGNC Symbol;Acc:HGNC:6373]"
"19","CD4 TCM",1.17002728072752e-77,0.91329296132257,0.858,0.452,1.95967869249052e-73,"CD4 TCM","TRBC2","T cell receptor beta constant 2 [Source:HGNC Symbol;Acc:HGNC:12157]"
"20","CD4 TCM",2.80356772456995e-62,1.0088447025149,0.673,0.318,4.6956955818822e-58,"CD4 TCM","TRBC1","T cell receptor beta constant 1 [Source:HGNC Symbol;Acc:HGNC:12156]"
"21","CD4 TEM",1.9158188986348e-280,1.91431107762749,0.988,0.379,3.20880507332343e-276,"CD4 TEM","IL7R","interleukin 7 receptor [Source:HGNC Symbol;Acc:HGNC:6024]"
"22","CD4 TEM",2.27994530749939e-234,1.51223118589319,0.986,0.423,3.81868039553074e-230,"CD4 TEM","IL32","interleukin 32 [Source:HGNC Symbol;Acc:HGNC:16830]"
"23","CD4 TEM",5.39958242093218e-165,1.38791493675024,0.998,0.604,9.04376059681931e-161,"CD4 TEM","LTB","lymphotoxin beta [Source:HGNC Symbol;Acc:HGNC:6711]"
"24","CD4 TEM",7.32625004374687e-164,1.16117646837782,0.973,0.435,1.22707361982716e-159,"CD4 TEM","TRAC","T cell receptor alpha constant [Source:HGNC Symbol;Acc:HGNC:12029]"
"25","CD4 TEM",6.854924567305e-161,0.877069993578005,0.676,0.199,1.14813131577791e-156,"CD4 TEM","AQP3","aquaporin 3 (Gill blood group) [Source:HGNC Symbol;Acc:HGNC:636]"
"26","CD4 TEM",1.40157188980854e-145,0.835131698579076,0.838,0.321,2.34749275824032e-141,"CD4 TEM","CD2","CD2 molecule [Source:HGNC Symbol;Acc:HGNC:1639]"
"27","CD4 TEM",9.23483271934339e-130,0.845021183392814,0.97,0.412,1.54674213216283e-125,"CD4 TEM","CD3D","CD3d molecule [Source:HGNC Symbol;Acc:HGNC:1673]"
"28","CD4 TEM",7.20402321352997e-127,0.877008685451209,0.995,0.731,1.20660184803413e-122,"CD4 TEM","LDHB","lactate dehydrogenase B [Source:HGNC Symbol;Acc:HGNC:6541]"
"29","CD4 TEM",1.22563934020056e-124,0.986960052170111,0.831,0.44,2.05282333090192e-120,"CD4 TEM","ITGB1","integrin subunit beta 1 [Source:HGNC Symbol;Acc:HGNC:6153]"
"30","CD4 TEM",3.8699974506115e-111,0.774983357314669,0.785,0.39,6.4818587300292e-107,"CD4 TEM","ARHGAP15","Rho GTPase activating protein 15 [Source:HGNC Symbol;Acc:HGNC:21030]"
"31","Treg",4.03622542731771e-161,1.0865790775848,0.398,0.016,6.76027396821442e-157,"Treg","RTKN2","rhotekin 2 [Source:HGNC Symbol;Acc:HGNC:19364]"
"32","Treg",2.4824995839886e-67,2.29107406426656,1,0.463,4.15793855322251e-63,"Treg","IL32","interleukin 32 [Source:HGNC Symbol;Acc:HGNC:16830]"
"33","Treg",1.25043694031967e-47,1.56546891878552,0.991,0.473,2.09435683134142e-43,"Treg","TRAC","T cell receptor alpha constant [Source:HGNC Symbol;Acc:HGNC:12029]"
"34","Treg",4.95251782957863e-38,1.31019661471492,0.898,0.467,8.29497211276124e-34,"Treg","ITGB1","integrin subunit beta 1 [Source:HGNC Symbol;Acc:HGNC:6153]"
"35","Treg",6.9352523995917e-33,1.10375542424675,0.972,0.452,1.16158542440761e-28,"Treg","CD3D","CD3d molecule [Source:HGNC Symbol;Acc:HGNC:1673]"
"36","Treg",5.87508110480813e-31,1.11190863485526,0.861,0.455,9.84017334244314e-27,"Treg","ISG20","interferon stimulated exonuclease gene 20 [Source:HGNC Symbol;Acc:HGNC:6130]"
"37","Treg",6.53707595030414e-31,1.05014475356398,0.537,0.162,1.09489485091644e-26,"Treg","GBP5","guanylate binding protein 5 [Source:HGNC Symbol;Acc:HGNC:19895]"
"38","Treg",3.82150367039039e-26,1.08234235658174,0.611,0.24,6.40063649753686e-22,"Treg","CYTOR","cytoskeleton regulator RNA [Source:HGNC Symbol;Acc:HGNC:28717]"
"39","Treg",3.80277355372608e-22,1.46073726202256,0.815,0.476,6.36926542513581e-18,"Treg","TRBC2","T cell receptor beta constant 2 [Source:HGNC Symbol;Acc:HGNC:12157]"
"40","Treg",2.68060723388688e-17,1.23536976931239,0.657,0.338,4.48974905603714e-13,"Treg","TRBC1","T cell receptor beta constant 1 [Source:HGNC Symbol;Acc:HGNC:12156]"
"41","CD4 TEFF",1.15602782598923e-19,2.21861101623229,1,0.626,1.93623100574937e-15,"CD4 TEFF","NKTR","natural killer cell triggering receptor [Source:HGNC Symbol;Acc:HGNC:7833]"
"42","CD4 TEFF",4.9438095133095e-17,2.05852331111854,0.812,0.304,8.28038655384207e-13,"CD4 TEFF","SYNE2","spectrin repeat containing nuclear envelope protein 2 [Source:HGNC Symbol;Acc:HGNC:17084]"
"43","CD4 TEFF",3.31741949011465e-14,1.91015981568367,1,0.667,5.55634590399303e-10,"CD4 TEFF","SRSF11","serine and arginine rich splicing factor 11 [Source:HGNC Symbol;Acc:HGNC:10782]"
"44","CD4 TEFF",8.34676470066771e-14,1.50513247091028,1,0.644,1.39799961971483e-09,"CD4 TEFF","RNF213","ring finger protein 213 [Source:HGNC Symbol;Acc:HGNC:14539]"
"45","CD4 TEFF",8.67308476768895e-13,1.41182527978427,1,0.885,1.45265496774022e-08,"CD4 TEFF","DDX17","DEAD-box helicase 17 [Source:HGNC Symbol;Acc:HGNC:2740]"
"46","CD4 TEFF",9.56481563341745e-13,1.74751846544742,0.875,0.501,1.60201097044109e-08,"CD4 TEFF","KIAA1551",NA
"47","CD4 TEFF",8.41463608919245e-10,1.62698583348261,0.688,0.398,1.40936739857884e-05,"CD4 TEFF","GOLGA4","golgin A4 [Source:HGNC Symbol;Acc:HGNC:4427]"
"48","CD4 TEFF",2.53007925603746e-08,1.46090119363801,0.656,0.417,0.000423762974593715,"CD4 TEFF","SNRNP70","small nuclear ribonucleoprotein U1 subunit 70 [Source:HGNC Symbol;Acc:HGNC:11150]"
"49","CD4 TEFF",0.000130678656714892,1.4842080318818,0.219,0.065,1,"CD4 TEFF","TTN","titin [Source:HGNC Symbol;Acc:HGNC:12403]"
"50","CD4 TEFF",0.000203454247651129,1.53225355484966,0.469,0.29,1,"CD4 TEFF","SYNE1","spectrin repeat containing nuclear envelope protein 1 [Source:HGNC Symbol;Acc:HGNC:17089]"
"51","CD8 Naive",0,2.16271480506841,0.981,0.047,0,"CD8 Naive","CD8B","CD8b molecule [Source:HGNC Symbol;Acc:HGNC:1707]"
"52","CD8 Naive",0,1.46514686751165,0.897,0.078,0,"CD8 Naive","CD8A","CD8a molecule [Source:HGNC Symbol;Acc:HGNC:1706]"
"53","CD8 Naive",0,1.04718930955696,0.549,0.006,0,"CD8 Naive","LINC02446","long intergenic non-protein coding RNA 2446 [Source:HGNC Symbol;Acc:HGNC:53378]"
"54","CD8 Naive",9.75172810648416e-202,1.50856235421228,0.484,0.035,1.63331694055503e-197,"CD8 Naive","S100B","S100 calcium binding protein B [Source:HGNC Symbol;Acc:HGNC:10500]"
"55","CD8 Naive",1.19802408031432e-84,0.889973867595714,1,1,2.00657053211845e-80,"CD8 Naive","RPS12","ribosomal protein S12 [Source:HGNC Symbol;Acc:HGNC:10385]"
"56","CD8 Naive",2.18807171864739e-72,0.913041708119341,0.756,0.239,3.66480132156252e-68,"CD8 Naive","CCR7","C-C motif chemokine receptor 7 [Source:HGNC Symbol;Acc:HGNC:1608]"
"57","CD8 Naive",2.81808335176742e-63,0.947447359952572,0.934,0.414,4.72000780587525e-59,"CD8 Naive","TCF7","transcription factor 7 [Source:HGNC Symbol;Acc:HGNC:11639]"
"58","CD8 Naive",1.63918552599087e-55,0.858169623192181,0.948,0.405,2.7454718374821e-51,"CD8 Naive","CD3G","CD3g molecule [Source:HGNC Symbol;Acc:HGNC:1675]"
"59","CD8 Naive",7.49212148911327e-53,0.885148734606871,0.986,0.47,1.25485542821158e-48,"CD8 Naive","CD3E","CD3e molecule [Source:HGNC Symbol;Acc:HGNC:1674]"
"60","CD8 Naive",4.761460576304e-50,0.887475494354767,0.939,0.507,7.97497031925157e-46,"CD8 Naive","NOSIP","nitric oxide synthase interacting protein [Source:HGNC Symbol;Acc:HGNC:17946]"
"61","CD8 TEM",0,2.47078684958936,0.731,0.07,0,"CD8 TEM","GZMK","granzyme K [Source:HGNC Symbol;Acc:HGNC:4711]"
"62","CD8 TEM",1.06972908117072e-266,2.46896485887703,0.949,0.156,1.79168923805284e-262,"CD8 TEM","CCL5","C-C motif chemokine ligand 5 [Source:HGNC Symbol;Acc:HGNC:10632]"
"63","CD8 TEM",1.10966874484724e-142,1.12236122826637,0.473,0.059,1.85858418074464e-138,"CD8 TEM","CD8B","CD8b molecule [Source:HGNC Symbol;Acc:HGNC:1707]"
"64","CD8 TEM",6.35225623729049e-137,1.34833188687148,0.836,0.249,1.06393939718378e-132,"CD8 TEM","LYAR","Ly1 antibody reactive [Source:HGNC Symbol;Acc:HGNC:26021]"
"65","CD8 TEM",2.15106208413425e-126,1.23519501520616,0.52,0.086,3.60281388471645e-122,"CD8 TEM","CD8A","CD8a molecule [Source:HGNC Symbol;Acc:HGNC:1706]"
"66","CD8 TEM",1.51749198950387e-103,1.40113776553725,0.989,0.45,2.54164733322004e-99,"CD8 TEM","IL32","interleukin 32 [Source:HGNC Symbol;Acc:HGNC:16830]"
"67","CD8 TEM",2.10581784546786e-99,1.1349759968,0.662,0.15,3.52703430937411e-95,"CD8 TEM","GZMA","granzyme A [Source:HGNC Symbol;Acc:HGNC:4708]"
"68","CD8 TEM",1.76703241626221e-78,1.14896581592823,0.975,0.461,2.95960259399758e-74,"CD8 TEM","TRAC","T cell receptor alpha constant [Source:HGNC Symbol;Acc:HGNC:12029]"
"69","CD8 TEM",2.18486285699473e-72,0.997356443086947,0.96,0.439,3.65942679918047e-68,"CD8 TEM","CD3D","CD3d molecule [Source:HGNC Symbol;Acc:HGNC:1673]"
"70","CD8 TEM",1.41379754572078e-51,1.09545571976912,0.833,0.415,2.36796950932773e-47,"CD8 TEM","IL7R","interleukin 7 receptor [Source:HGNC Symbol;Acc:HGNC:6024]"
"71","CD8 TEFF",1.35797307198734e-189,3.26324722732372,0.952,0.059,2.2744690982716e-185,"CD8 TEFF","GZMH","granzyme H [Source:HGNC Symbol;Acc:HGNC:4710]"
"72","CD8 TEFF",3.5674109934292e-129,2.5115106070468,0.919,0.084,5.97505667289457e-125,"CD8 TEFF","TRGC2","T cell receptor gamma constant 2 [Source:HGNC Symbol;Acc:HGNC:12276]"
"73","CD8 TEFF",8.90604142885384e-102,2.01370013148874,0.968,0.103,1.49167287891873e-97,"CD8 TEFF","KLRD1","killer cell lectin like receptor D1 [Source:HGNC Symbol;Acc:HGNC:6378]"
"74","CD8 TEFF",5.860261940996e-91,1.97113856735069,0.839,0.096,9.81535272497419e-87,"CD8 TEFF","CD8A","CD8a molecule [Source:HGNC Symbol;Acc:HGNC:1706]"
"75","CD8 TEFF",1.65778566041913e-89,2.41872182217926,1,0.145,2.77662520263601e-85,"CD8 TEFF","CST7","cystatin F [Source:HGNC Symbol;Acc:HGNC:2479]"
"76","CD8 TEFF",1.68049544433304e-88,1.94068752612924,0.726,0.067,2.81466181971342e-84,"CD8 TEFF","FGFBP2","fibroblast growth factor binding protein 2 [Source:HGNC Symbol;Acc:HGNC:29451]"
"77","CD8 TEFF",8.86101019464881e-79,2.92697245110708,1,0.18,1.48413059750173e-74,"CD8 TEFF","CCL5","C-C motif chemokine ligand 5 [Source:HGNC Symbol;Acc:HGNC:10632]"
"78","CD8 TEFF",1.06557201012396e-72,2.33572709780868,0.984,0.163,1.78472655975662e-68,"CD8 TEFF","GZMA","granzyme A [Source:HGNC Symbol;Acc:HGNC:4708]"
"79","CD8 TEFF",1.53711605971749e-68,2.85001859764044,1,0.192,2.57451568842082e-64,"CD8 TEFF","NKG7","natural killer cell granule protein 7 [Source:HGNC Symbol;Acc:HGNC:7830]"
"80","CD8 TEFF",1.32670452896422e-58,2.08062552800855,1,0.233,2.22209741556218e-54,"CD8 TEFF","CTSW","cathepsin W [Source:HGNC Symbol;Acc:HGNC:2546]"
"81","MAIT",5.6446082978688e-301,2.2629942270326,0.993,0.078,9.45415443810045e-297,"MAIT","GZMK","granzyme K [Source:HGNC Symbol;Acc:HGNC:4711]"
"82","MAIT",1.23632309135933e-213,1.42679702881077,0.823,0.077,2.07071754571774e-209,"MAIT","NCR3","natural cytotoxicity triggering receptor 3 [Source:HGNC Symbol;Acc:HGNC:19077]"
"83","MAIT",1.5600597145314e-152,3.08615487841397,0.993,0.218,2.61294401586865e-148,"MAIT","KLRB1","killer cell lectin like receptor B1 [Source:HGNC Symbol;Acc:HGNC:6373]"
"84","MAIT",2.94223403151041e-146,1.27990110350453,0.702,0.078,4.92794777937678e-142,"MAIT","TRGC2","T cell receptor gamma constant 2 [Source:HGNC Symbol;Acc:HGNC:12276]"
"85","MAIT",8.16351210650699e-138,1.59778203564083,0.972,0.154,1.36730664271886e-133,"MAIT","GZMA","granzyme A [Source:HGNC Symbol;Acc:HGNC:4708]"
"86","MAIT",2.18017708869992e-137,1.49531752502916,0.943,0.163,3.65157860586349e-133,"MAIT","KLRG1","killer cell lectin like receptor G1 [Source:HGNC Symbol;Acc:HGNC:6380]"
"87","MAIT",5.26466507000204e-120,1.50482604028118,0.965,0.171,8.81778752574642e-116,"MAIT","CCL5","C-C motif chemokine ligand 5 [Source:HGNC Symbol;Acc:HGNC:10632]"
"88","MAIT",4.92529649529179e-73,1.70637716925624,1,0.46,8.24937909996423e-69,"MAIT","IL32","interleukin 32 [Source:HGNC Symbol;Acc:HGNC:16830]"
"89","MAIT",3.26931434923011e-70,1.20368510804473,0.858,0.26,5.47577460352552e-66,"MAIT","LYAR","Ly1 antibody reactive [Source:HGNC Symbol;Acc:HGNC:26021]"
"90","MAIT",4.96455207952388e-57,1.51333748533177,0.972,0.42,8.31512827799454e-53,"MAIT","IL7R","interleukin 7 receptor [Source:HGNC Symbol;Acc:HGNC:6024]"
"91","NKT",2.71502456571817e-136,1.9081889176042,0.867,0.048,4.54739464512136e-132,"NKT","TRGC1","T cell receptor gamma constant 1 [Source:HGNC Symbol;Acc:HGNC:12275]"
"92","NKT",1.1126477641564e-104,2.92410259165567,0.956,0.082,1.86357374018555e-100,"NKT","TRDC","T cell receptor delta constant [Source:HGNC Symbol;Acc:HGNC:12253]"
"93","NKT",1.69456947777545e-86,2.45019330068865,0.933,0.091,2.8382344183261e-82,"NKT","GZMK","granzyme K [Source:HGNC Symbol;Acc:HGNC:4711]"
"94","NKT",1.5769411723268e-72,1.65763621752331,0.978,0.106,2.64121876953016e-68,"NKT","KLRD1","killer cell lectin like receptor D1 [Source:HGNC Symbol;Acc:HGNC:6378]"
"95","NKT",3.42750385234875e-52,2.44568587330949,1,0.182,5.74072620229892e-48,"NKT","CCL5","C-C motif chemokine ligand 5 [Source:HGNC Symbol;Acc:HGNC:10632]"
"96","NKT",1.81589271600884e-48,1.66881913294673,0.956,0.174,3.0414387100432e-44,"NKT","KLRG1","killer cell lectin like receptor G1 [Source:HGNC Symbol;Acc:HGNC:6380]"
"97","NKT",3.56939707856088e-46,1.68621787635547,0.978,0.165,5.97838316688161e-42,"NKT","GZMA","granzyme A [Source:HGNC Symbol;Acc:HGNC:4708]"
"98","NKT",2.00122695113339e-43,1.76297473678643,1,0.194,3.35185502045331e-39,"NKT","NKG7","natural killer cell granule protein 7 [Source:HGNC Symbol;Acc:HGNC:7830]"
"99","NKT",9.84733350985797e-30,1.72711342387838,0.911,0.23,1.64932988956611e-25,"NKT","KLRB1","killer cell lectin like receptor B1 [Source:HGNC Symbol;Acc:HGNC:6373]"
"100","NKT",4.60413454992561e-27,2.02694526262676,0.844,0.261,7.71146495767041e-23,"NKT","DUSP2","dual specificity phosphatase 2 [Source:HGNC Symbol;Acc:HGNC:3068]"
"101","XCL1 NK",1.02194878991815e-260,2.35408861477865,0.868,0.038,1.71166202823391e-256,"XCL1 NK","KLRC1","killer cell lectin like receptor C1 [Source:HGNC Symbol;Acc:HGNC:6374]"
"102","XCL1 NK",1.55738902182819e-178,2.37377989767106,0.987,0.078,2.60847087266003e-174,"XCL1 NK","KLRF1","killer cell lectin like receptor F1 [Source:HGNC Symbol;Acc:HGNC:13342]"
"103","XCL1 NK",3.56114104314931e-178,2.4682475694532,0.987,0.077,5.96455513317079e-174,"XCL1 NK","TRDC","T cell receptor delta constant [Source:HGNC Symbol;Acc:HGNC:12253]"
"104","XCL1 NK",2.13199062034493e-145,2.75048712515916,0.987,0.101,3.57087109001572e-141,"XCL1 NK","KLRD1","killer cell lectin like receptor D1 [Source:HGNC Symbol;Acc:HGNC:6378]"
"105","XCL1 NK",2.57883244833229e-108,3.83537816339423,1,0.154,4.31928646771175e-104,"XCL1 NK","GNLY","granulysin [Source:HGNC Symbol;Acc:HGNC:4414]"
"106","XCL1 NK",5.66922399389199e-90,2.49403032605644,0.974,0.161,9.4953832673697e-86,"XCL1 NK","GZMA","granzyme A [Source:HGNC Symbol;Acc:HGNC:4708]"
"107","XCL1 NK",1.93066425416022e-88,2.25163500254955,0.987,0.176,3.23366955929295e-84,"XCL1 NK","HOPX","HOP homeobox [Source:HGNC Symbol;Acc:HGNC:24961]"
"108","XCL1 NK",1.36122399450059e-83,2.86803475534226,1,0.19,2.27991406838904e-79,"XCL1 NK","NKG7","natural killer cell granule protein 7 [Source:HGNC Symbol;Acc:HGNC:7830]"
"109","XCL1 NK",8.57215052741165e-75,2.47136387692662,0.987,0.232,1.43574949183618e-70,"XCL1 NK","CTSW","cathepsin W [Source:HGNC Symbol;Acc:HGNC:2546]"
"110","XCL1 NK",1.9185263416555e-54,2.29984159904813,0.987,0.398,3.2133397696388e-50,"XCL1 NK","CD7","CD7 molecule [Source:HGNC Symbol;Acc:HGNC:1695]"
"111","NK",0,4.84371076182483,1,0.118,0,"NK","GNLY","granulysin [Source:HGNC Symbol;Acc:HGNC:4414]"
"112","NK",0,4.26756058772268,1,0.156,0,"NK","NKG7","natural killer cell granule protein 7 [Source:HGNC Symbol;Acc:HGNC:7830]"
"113","NK",0,3.37272839992741,1,0.093,0,"NK","PRF1","perforin 1 [Source:HGNC Symbol;Acc:HGNC:9360]"
"114","NK",0,3.21414613038576,0.986,0.035,0,"NK","GZMB","granzyme B [Source:HGNC Symbol;Acc:HGNC:4709]"
"115","NK",0,3.14361842806892,0.997,0.126,0,"NK","GZMA","granzyme A [Source:HGNC Symbol;Acc:HGNC:4708]"
"116","NK",0,3.06925320507139,0.903,0.028,0,"NK","FGFBP2","fibroblast growth factor binding protein 2 [Source:HGNC Symbol;Acc:HGNC:29451]"
"117","NK",0,2.98063581575751,0.954,0.051,0,"NK","SPON2","spondin 2 [Source:HGNC Symbol;Acc:HGNC:11253]"
"118","NK",0,2.89224620367097,0.994,0.064,0,"NK","KLRD1","killer cell lectin like receptor D1 [Source:HGNC Symbol;Acc:HGNC:6378]"
"119","NK",0,2.79093933060887,0.991,0.108,0,"NK","CST7","cystatin F [Source:HGNC Symbol;Acc:HGNC:2479]"
"120","NK",0,2.75700634340013,0.997,0.199,0,"NK","CTSW","cathepsin W [Source:HGNC Symbol;Acc:HGNC:2546]"
"121","NK Proliferating",0,3.47507250539014,0.9,0.006,0,"NK Proliferating","TYMS","thymidylate synthetase [Source:HGNC Symbol;Acc:HGNC:12441]"
"122","NK Proliferating",6.63649375330605e-268,2.7708783772039,0.95,0.012,1.11154633874123e-263,"NK Proliferating","PCLAF","PCNA clamp associated factor [Source:HGNC Symbol;Acc:HGNC:28961]"
"123","NK Proliferating",3.18511188541699e-33,4.22287938509209,0.95,0.14,5.33474389688492e-29,"NK Proliferating","STMN1","stathmin 1 [Source:HGNC Symbol;Acc:HGNC:6510]"
"124","NK Proliferating",9.05887595628028e-31,2.80060667103326,1,0.175,1.51727113391738e-26,"NK Proliferating","PCNA","proliferating cell nuclear antigen [Source:HGNC Symbol;Acc:HGNC:8729]"
"125","NK Proliferating",8.46800354570621e-20,2.76919027992006,0.65,0.085,1.41830591387033e-15,"NK Proliferating","CCL4","C-C motif chemokine ligand 4 [Source:HGNC Symbol;Acc:HGNC:10630]"
"126","NK Proliferating",2.03358236861962e-15,3.11883988720117,0.95,0.422,3.406047109201e-11,"NK Proliferating","TUBB","tubulin beta class I [Source:HGNC Symbol;Acc:HGNC:20778]"
"127","NK Proliferating",4.71527445784607e-15,3.19691324310556,0.75,0.162,7.89761318944639e-11,"NK Proliferating","GNLY","granulysin [Source:HGNC Symbol;Acc:HGNC:4414]"
"128","NK Proliferating",4.79153819080053e-15,2.63205644066512,1,0.553,8.02534731577181e-11,"NK Proliferating","HMGB2","high mobility group box 2 [Source:HGNC Symbol;Acc:HGNC:5000]"
"129","NK Proliferating",1.11550900213937e-12,3.4041618320151,1,0.66,1.86836602768324e-08,"NK Proliferating","TUBA1B","tubulin alpha 1b [Source:HGNC Symbol;Acc:HGNC:18809]"
"130","NK Proliferating",1.15265886127243e-08,3.1942727282402,0.8,0.357,0.000193058832674519,"NK Proliferating","HIST1H4C",NA
"131","Naive B",0,4.12673199688724,1,0.085,0,"Naive B","IGHM","immunoglobulin heavy constant mu [Source:HGNC Symbol;Acc:HGNC:5541]"
"132","Naive B",0,3.12272797384012,0.949,0.016,0,"Naive B","TCL1A","TCL1 family AKT coactivator A [Source:HGNC Symbol;Acc:HGNC:11648]"
"133","Naive B",0,3.05843412833123,0.976,0.028,0,"Naive B","IGHD","immunoglobulin heavy constant delta [Source:HGNC Symbol;Acc:HGNC:5480]"
"134","Naive B",0,2.96472864880998,0.996,0.076,0,"Naive B","CD79A","CD79a molecule [Source:HGNC Symbol;Acc:HGNC:1698]"
"135","Naive B",0,2.6935323256262,0.98,0.08,0,"Naive B","MS4A1","membrane spanning 4-domains A1 [Source:HGNC Symbol;Acc:HGNC:7315]"
"136","Naive B",0,2.6035192979429,0.978,0.157,0,"Naive B","CD79B","CD79b molecule [Source:HGNC Symbol;Acc:HGNC:1699]"
"137","Naive B",4.29525951997228e-299,2.62602150680764,0.565,0.064,7.19413017000157e-295,"Naive B","IGLC2","immunoglobulin lambda constant 2 [Source:HGNC Symbol;Acc:HGNC:5856]"
"138","Naive B",2.96761078277194e-284,2.01151802137614,1,0.933,4.97045130006472e-280,"Naive B","CD37","CD37 molecule [Source:HGNC Symbol;Acc:HGNC:1666]"
"139","Naive B",4.00523720878389e-255,2.15968680823679,1,0.79,6.70837180099213e-251,"Naive B","CD74","CD74 molecule [Source:HGNC Symbol;Acc:HGNC:1697]"
"140","Naive B",3.65672415755941e-232,3.18629008284727,0.749,0.211,6.12464729149626e-228,"Naive B","IGKC","immunoglobulin kappa constant [Source:HGNC Symbol;Acc:HGNC:5716]"
"141","Memory B",0,2.41533521959583,0.976,0.114,0,"Memory B","MS4A1","membrane spanning 4-domains A1 [Source:HGNC Symbol;Acc:HGNC:7315]"
"142","Memory B",0,2.41141106860963,1,0.111,0,"Memory B","CD79A","CD79a molecule [Source:HGNC Symbol;Acc:HGNC:1698]"
"143","Memory B",0,2.08402855866375,0.559,0.005,0,"Memory B","IGHG1","immunoglobulin heavy constant gamma 1 (G1m marker) [Source:HGNC Symbol;Acc:HGNC:5525]"
"144","Memory B",0,2.05332239841777,0.943,0.091,0,"Memory B","BANK1","B cell scaffold protein with ankyrin repeats 1 [Source:HGNC Symbol;Acc:HGNC:18233]"
"145","Memory B",5.63168431561297e-275,2.98296930479734,0.637,0.052,9.43250806022016e-271,"Memory B","JCHAIN","joining chain of multimeric IgA and IgM [Source:HGNC Symbol;Acc:HGNC:5713]"
"146","Memory B",1.07473301739094e-128,2.13673514640881,0.682,0.132,1.80007033082809e-124,"Memory B","IGHM","immunoglobulin heavy constant mu [Source:HGNC Symbol;Acc:HGNC:5541]"
"147","Memory B",5.92386917998357e-107,4.75066595116241,0.478,0.083,9.92188848955449e-103,"Memory B","IGHA1","immunoglobulin heavy constant alpha 1 [Source:HGNC Symbol;Acc:HGNC:5478]"
"148","Memory B",2.3478122326987e-92,4.27802675776263,0.698,0.233,3.93235070854706e-88,"Memory B","IGKC","immunoglobulin kappa constant [Source:HGNC Symbol;Acc:HGNC:5716]"
"149","Memory B",1.02123849490713e-90,3.63543797820482,0.335,0.044,1.71047235511995e-86,"Memory B","IGLC3","immunoglobulin lambda constant 3 (Kern-Oz+ marker) [Source:HGNC Symbol;Acc:HGNC:5857]"
"150","Memory B",2.14882257737649e-88,4.21598216335347,0.457,0.087,3.59906293484788e-84,"Memory B","IGLC2","immunoglobulin lambda constant 2 [Source:HGNC Symbol;Acc:HGNC:5856]"
"151","CD14 Mono",0,5.8145812011973,0.998,0.66,0,"CD14 Mono","S100A9","S100 calcium binding protein A9 [Source:HGNC Symbol;Acc:HGNC:10499]"
"152","CD14 Mono",0,5.68132547802475,0.996,0.527,0,"CD14 Mono","S100A8","S100 calcium binding protein A8 [Source:HGNC Symbol;Acc:HGNC:10498]"
"153","CD14 Mono",0,4.62469501218489,0.998,0.708,0,"CD14 Mono","LYZ","lysozyme [Source:HGNC Symbol;Acc:HGNC:6740]"
"154","CD14 Mono",0,4.08766378813303,0.971,0.126,0,"CD14 Mono","S100A12","S100 calcium binding protein A12 [Source:HGNC Symbol;Acc:HGNC:10489]"
"155","CD14 Mono",0,3.59970787757075,0.982,0.126,0,"CD14 Mono","VCAN","versican [Source:HGNC Symbol;Acc:HGNC:2464]"
"156","CD14 Mono",0,3.33180664526638,0.996,0.176,0,"CD14 Mono","FCN1","ficolin 1 [Source:HGNC Symbol;Acc:HGNC:3623]"
"157","CD14 Mono",0,3.17593892545751,0.996,0.158,0,"CD14 Mono","MNDA","myeloid cell nuclear differentiation antigen [Source:HGNC Symbol;Acc:HGNC:7183]"
"158","CD14 Mono",0,3.11002188746132,0.998,0.646,0,"CD14 Mono","CTSS","cathepsin S [Source:HGNC Symbol;Acc:HGNC:2545]"
"159","CD14 Mono",0,2.63986241880741,0.96,0.047,0,"CD14 Mono","CD14","CD14 molecule [Source:HGNC Symbol;Acc:HGNC:1628]"
"160","CD14 Mono",0,2.56860055731459,0.999,0.966,0,"CD14 Mono","FOS","Fos proto-oncogene, AP-1 transcription factor subunit [Source:HGNC Symbol;Acc:HGNC:3796]"
"161","CD16 Mono",0,3.0038863043542,0.957,0.033,0,"CD16 Mono","CDKN1C","cyclin dependent kinase inhibitor 1C [Source:HGNC Symbol;Acc:HGNC:1786]"
"162","CD16 Mono",1.55830624784601e-274,3.73943507206747,0.994,0.121,2.61000713451727e-270,"CD16 Mono","FCGR3A","Fc fragment of IgG receptor IIIa [Source:HGNC Symbol;Acc:HGNC:3619]"
"163","CD16 Mono",9.64423983426709e-198,2.52422076154959,0.994,0.185,1.6153137298414e-193,"CD16 Mono","SMIM25",NA
"164","CD16 Mono",1.29943719211105e-183,2.1351197811237,0.981,0.184,2.1764273530668e-179,"CD16 Mono","RHOC","ras homolog family member C [Source:HGNC Symbol;Acc:HGNC:669]"
"165","CD16 Mono",9.75218154054218e-143,2.53347846180659,0.975,0.26,1.63339288622541e-138,"CD16 Mono","MS4A7","membrane spanning 4-domains A7 [Source:HGNC Symbol;Acc:HGNC:13378]"
"166","CD16 Mono",3.61658630912373e-120,2.92387737624014,1,0.478,6.05742040915134e-116,"CD16 Mono","LST1","leukocyte specific transcript 1 [Source:HGNC Symbol;Acc:HGNC:14189]"
"167","CD16 Mono",1.05975333193928e-110,2.45087286325437,1,0.545,1.7749808556651e-106,"CD16 Mono","AIF1","allograft inflammatory factor 1 [Source:HGNC Symbol;Acc:HGNC:352]"
"168","CD16 Mono",2.85567214916806e-108,2.11902189696031,1,0.498,4.78296528264158e-104,"CD16 Mono","FCER1G","Fc fragment of IgE receptor Ig [Source:HGNC Symbol;Acc:HGNC:3611]"
"169","CD16 Mono",1.86070683714026e-97,1.99609927903516,1,0.836,3.11649788152622e-93,"CD16 Mono","COTL1","coactosin like F-actin binding protein 1 [Source:HGNC Symbol;Acc:HGNC:18304]"
"170","CD16 Mono",1.11312599942172e-96,2.23140287862377,1,0.878,1.86437473643144e-92,"CD16 Mono","SAT1","spermidine/spermine N1-acetyltransferase 1 [Source:HGNC Symbol;Acc:HGNC:10540]"
"171","mDC",2.10352517438632e-256,3.25520372153477,0.83,0.049,3.52319431457965e-252,"mDC","FCER1A","Fc fragment of IgE receptor Ia [Source:HGNC Symbol;Acc:HGNC:3609]"
"172","mDC",2.1581268891096e-103,3.44299910540171,1,0.263,3.61464672656967e-99,"mDC","HLA-DQA1","major histocompatibility complex, class II, DQ alpha 1 [Source:HGNC Symbol;Acc:HGNC:4942]"
"173","mDC",3.81497759021945e-102,2.61026172085802,1,0.267,6.38970596585855e-98,"mDC","HLA-DQA2","major histocompatibility complex, class II, DQ alpha 2 [Source:HGNC Symbol;Acc:HGNC:4943]"
"174","mDC",2.11912343917325e-89,3.23556509749972,1,0.341,3.54931984827127e-85,"mDC","HLA-DQB1","major histocompatibility complex, class II, DQ beta 1 [Source:HGNC Symbol;Acc:HGNC:4944]"
"175","mDC",8.41959986027921e-89,2.61731836663604,1,0.33,1.41019878059817e-84,"mDC","HLA-DRB5","major histocompatibility complex, class II, DR beta 5 [Source:HGNC Symbol;Acc:HGNC:4953]"
"176","mDC",4.27402777975511e-72,3.53464841658799,1,0.554,7.15856912831184e-68,"mDC","HLA-DPB1","major histocompatibility complex, class II, DP beta 1 [Source:HGNC Symbol;Acc:HGNC:4940]"
"177","mDC",6.07928517775221e-72,3.15112415191512,1,0.546,1.01821947442172e-67,"mDC","HLA-DRB1","major histocompatibility complex, class II, DR beta 1 [Source:HGNC Symbol;Acc:HGNC:4948]"
"178","mDC",6.57954331795773e-71,3.565496285248,1,0.585,1.10200771032474e-66,"mDC","HLA-DPA1","major histocompatibility complex, class II, DP alpha 1 [Source:HGNC Symbol;Acc:HGNC:4938]"
"179","mDC",2.5855266779057e-68,3.11243805727266,1,0.666,4.33049863282426e-64,"mDC","HLA-DRA","major histocompatibility complex, class II, DR alpha [Source:HGNC Symbol;Acc:HGNC:4947]"
"180","mDC",3.67610587212275e-65,2.74921878560848,1,0.803,6.15710972521839e-61,"mDC","CD74","CD74 molecule [Source:HGNC Symbol;Acc:HGNC:1697]"
"181","pDC",2.00989864363776e-46,4.19253636149488,1,0.071,3.36637923822889e-42,"pDC","JCHAIN","joining chain of multimeric IgA and IgM [Source:HGNC Symbol;Acc:HGNC:5713]"
"182","pDC",2.13279482993577e-40,3.84606503735486,1,0.082,3.57221806065942e-36,"pDC","GZMB","granzyme B [Source:HGNC Symbol;Acc:HGNC:4709]"
"183","pDC",1.38710690123873e-38,3.32210421456859,1,0.089,2.32326534888476e-34,"pDC","PLD4","phospholipase D family member 4 [Source:HGNC Symbol;Acc:HGNC:23792]"
"184","pDC",5.57033070892798e-37,3.72341793657674,0.5,0.02,9.32974690438348e-33,"pDC","PTGDS","prostaglandin D2 synthase [Source:HGNC Symbol;Acc:HGNC:9592]"
"185","pDC",6.93253388667826e-32,3.22777683202043,1,0.112,1.16113010067974e-27,"pDC","UGCG","UDP-glucose ceramide glucosyltransferase [Source:HGNC Symbol;Acc:HGNC:12524]"
"186","pDC",6.20963305683527e-30,3.38299487596144,1,0.118,1.04005144068934e-25,"pDC","ITM2C","integral membrane protein 2C [Source:HGNC Symbol;Acc:HGNC:6175]"
"187","pDC",9.87977537269692e-24,3.30627048986849,1,0.163,1.65476357717301e-19,"pDC","CCDC50","coiled-coil domain containing 50 [Source:HGNC Symbol;Acc:HGNC:18111]"
"188","pDC",2.32976257962933e-23,3.62374604843523,1,0.166,3.90211934462117e-19,"pDC","TCF4","transcription factor 4 [Source:HGNC Symbol;Acc:HGNC:11634]"
"189","pDC",3.33290203634213e-19,3.32751911530453,1,0.22,5.58227762066944e-15,"pDC","IRF7","interferon regulatory factor 7 [Source:HGNC Symbol;Acc:HGNC:6122]"
"190","pDC",2.6039997711681e-15,3.49418881059491,1,0.31,4.36143921672945e-11,"pDC","IRF8","interferon regulatory factor 8 [Source:HGNC Symbol;Acc:HGNC:5358]"
"191","MGK",0,4.51147587468883,1,0.022,0,"MGK","CAVIN2","caveolae associated protein 2 [Source:HGNC Symbol;Acc:HGNC:10690]"
"192","MGK",0,4.43719791427351,1,0.015,0,"MGK","TUBB1","tubulin beta 1 class VI [Source:HGNC Symbol;Acc:HGNC:16257]"
"193","MGK",0,4.18511554285122,0.977,0.021,0,"MGK","GNG11","G protein subunit gamma 11 [Source:HGNC Symbol;Acc:HGNC:4403]"
"194","MGK",0,3.57705833437508,0.93,0.007,0,"MGK","PTCRA","pre T cell antigen receptor alpha [Source:HGNC Symbol;Acc:HGNC:21290]"
"195","MGK",2.57156279856355e-284,5.3074197135881,1,0.028,4.30711053131409e-280,"MGK","PF4","platelet factor 4 [Source:HGNC Symbol;Acc:HGNC:8861]"
"196","MGK",6.79704640428294e-146,6.34345917952892,1,0.063,1.13843730225335e-141,"MGK","PPBP","pro-platelet basic protein [Source:HGNC Symbol;Acc:HGNC:9240]"
"197","MGK",6.20325323024214e-93,3.71022841946435,0.93,0.089,1.03898288353326e-88,"MGK","HIST1H2AC",NA
"198","MGK",4.61247388557697e-91,3.57977137420401,0.814,0.065,7.72543251095287e-87,"MGK","TSC22D1","TSC22 domain family member 1 [Source:HGNC Symbol;Acc:HGNC:16826]"
"199","MGK",7.635695912145e-49,4.67415481436404,1,0.255,1.27890270832517e-44,"MGK","NRGN","neurogranin [Source:HGNC Symbol;Acc:HGNC:8000]"
"200","MGK",1.07375375105942e-44,3.72811804921976,0.977,0.249,1.79843015764941e-40,"MGK","RGS18","regulator of G protein signaling 18 [Source:HGNC Symbol;Acc:HGNC:14261]"
"201","HSPC",0,2.58591408628565,1,0.01,0,"HSPC","PRSS57","serine protease 57 [Source:HGNC Symbol;Acc:HGNC:31397]"
"202","HSPC",0,2.32740660825048,0.909,0.002,0,"HSPC","GATA2","GATA binding protein 2 [Source:HGNC Symbol;Acc:HGNC:4171]"
"203","HSPC",0,2.26301210704439,0.955,0.003,0,"HSPC","CYTL1","cytokine like 1 [Source:HGNC Symbol;Acc:HGNC:24435]"
"204","HSPC",5.10566060794859e-213,1.93903387821098,0.955,0.018,8.5514709522531e-209,"HSPC","MYB","MYB proto-oncogene, transcription factor [Source:HGNC Symbol;Acc:HGNC:7545]"
"205","HSPC",3.28147127753811e-94,2.28855020264185,0.636,0.019,5.49613624274858e-90,"HSPC","SPINK2","serine peptidase inhibitor Kazal type 2 [Source:HGNC Symbol;Acc:HGNC:11245]"
"206","HSPC",1.28836820668286e-56,2.78394248421664,0.909,0.074,2.15788790937312e-52,"HSPC","AC084033.3","suppression of tumorigenicity 13 (colon carcinoma) (Hsp70 interacting protein) (ST13) pseudogene"
"207","HSPC",1.90858577267112e-39,2.89460511182256,1,0.143,3.19669031064686e-35,"HSPC","CDK6","cyclin dependent kinase 6 [Source:HGNC Symbol;Acc:HGNC:1777]"
"208","HSPC",2.34831723457126e-31,1.96470877399038,0.909,0.14,3.9331965361834e-27,"HSPC","STMN1","stathmin 1 [Source:HGNC Symbol;Acc:HGNC:6510]"
"209","HSPC",6.47323019447588e-28,3.28320756937098,1,0.224,1.08420132527277e-23,"HSPC","SOX4","SRY-box transcription factor 4 [Source:HGNC Symbol;Acc:HGNC:11200]"
"210","HSPC",1.00225203632412e-13,2.07904779161027,1,0.65,1.67867193563927e-09,"HSPC","SERPINB1","serpin family B member 1 [Source:HGNC Symbol;Acc:HGNC:3311]"
